date,score,hour,title
2026-08-04,0,7,Vì sao khối ngoại đổ tiền mua cổ phiếu MBB? - diendandoanhnghiep.vn
2026-08-12,0,7,MBBank (MBB) sắp chào bán cổ phiếu và trả cổ tức cho cổ đông - Báo Pháp Luật Việt Nam
2026-08-21,0,7,Viettel sắp chi hơn 1.000 tỷ đồng mua cổ phiếu một ngân hàng - Mekong ASEAN
2026-08-18,0,7,Cổ đông MB được mua cổ phiếu phát hành thêm với giá 10.000 đồng - Tạp chí Kinh tế - Tài chính Online
2026-06-23,0,7,Phó Tổng Giám đốc MB không bán hết 1 triệu cổ phiếu MBB như đăng ký - VnEconomy
2026-08-03,0,7,MB sắp nâng vốn điều lệ vượt 100.000 tỷ đồng; cổ phiếu MBB tăng chạm trần - thitruongtaichinhtiente.vn
2026-08-19,0,7,MB hoàn tất phát hành 1.2 tỷ cp trả cổ tức; nâng vốn lên hơn 92;600 tỷ; sắp bước vào đợt chào bán tiếp theo - Vietstock
2026-08-19,0,7,Cổ phiếu cần quan tâm ngày 20/8 - Tin nhanh chứng khoán
2026-08-21,0.8,7,Cổ phiếu đáng chú ý 21/8: HPG được khuyến nghị mua mạnh; MBB; NLG và SAS tích cực - thuonghieucongluan.com.vn
2026-08-14,0.8,7,TPS khuyến nghị mua cổ phiếu MBB; kỳ vọng giá lên 23.500 đồng - suckhoedoisong.vn
2026-08-09,0,7,Tuần tới; MB chốt quyền nhận cổ tức 15%; mua thêm cổ phiếu giá 10.000 đồng - nguoiquansat.vn
2026-08-04,0.8,7,Cổ phiếu tâm điểm 4/8: Khuyến nghị mua MBB; REE và PVS - bnews.vn
2026-06-30,0,7,Một số cổ phiếu cần quan tâm ngày 30/6: Cơ hội đầu tư tiềm năng với VPB và MBB - VOV.VN
2026-08-21,0,7,Tập đoàn Viettel sắp chi gần 1.200 tỷ mua cổ phiếu MBB - Nhịp sống kinh doanh
2026-08-03,0,7,Sự kiện chứng khoán đáng chú ý ngày 4/8 - Tin nhanh chứng khoán
2026-08-04,0,7,MB chốt quyền chia cổ tức và chào bán cổ phiếu; nâng vốn điều lệ lên hơn 100;600 tỷ - Vietstock
2026-02-23,0,8,MB lì xì 100 cổ phiếu cho mỗi nhân viên; chi hơn 50 tỷ đồng dịp Tết - Mekong ASEAN
2026-08-20,0,7,Cổ phiếu cần quan tâm ngày 21/8 - Tin nhanh chứng khoán
2026-07-01,0,7,Sự kiện chứng khoán đáng chú ý ngày 2/7 - Tin nhanh chứng khoán
2026-08-21,0,7,Nhìn lại diễn biến nhóm cổ phiếu được các công ty chứng khoán khuyến nghị tuần qua - Tin nhanh chứng khoán
2026-08-21,0,7,Những cổ phiếu nào lỡ hẹn với rổ chỉ số mới nổi của FTSE? - Tạp chí Kinh tế - Tài chính Online
2026-03-10,0,7,Vợ Tổng Giám đốc MBB đăng ký mua thêm 2 triệu cổ phiếu - VnEconomy
2026-08-03,0,7,Cổ phiếu đáng chú ý ngày 4/8: MBB; REE; PVS - nguoiquansat.vn
2026-07-06,0,7,Sự kiện chứng khoán đáng chú ý ngày 7/7 - Tin nhanh chứng khoán
2026-06-30,0,16,Ngân hàng MB (MBB) chi hơn 8.000 tỷ đồng trả cổ tức tiền mặt; chốt quyền vào ngày 10/7 - Báo Pháp Luật Việt Nam
2026-07-05,0,7,Cổ đông MB sắp nhận 8.000 tỷ đồng cổ tức trong tuần tới - Mekong ASEAN
2026-08-03,0.75,7,Dòng tiền bắt đáy lan tỏa; FPT tăng trần; MBB bứt phá; VN-Index tăng hơn 27 điểm - Báo VietNamNet
2026-08-12,0,7,Cổ phiếu đáng chú ý ngày 12/8: BSR; FRT; MBB - nguoiquansat.vn
2026-04-20,0,7,Một số cổ phiếu đáng chú ý ngày 20/4: FPT; MBB; VCI - thuonghieucongluan.com.vn
2026-05-19,0,7,Sự kiện chứng khoán đáng chú ý ngày 20/5 - Tin nhanh chứng khoán
2026-03-11,0,7,Một số cổ phiếu đáng chú ý ngày 11/3: HPG; MBB; SSI - thuonghieucongluan.com.vn
2026-06-30,0,7,Một ngân hàng lớn chuẩn bị trả cổ tức tiền mặt tỷ lệ 10% - CafeF
2026-07-07,0,7,Cổ đông ngân hàng sắp nhận nghìn tỷ đồng tiền mặt - Báo Dân trí
2026-08-24,0,7,NLG; MBB và GEG có gì hấp dẫn? - Vietstock
2026-05-20,0,7,Phó Tổng Giám đốc MBBank đăng ký bán 1 triệu cổ phiếu MBB - Tạp chí điện tử Thương Trường
2026-08-17,0,7,Cổ phiếu đáng chú ý ngày 17/8: MSN; MBB; MWG - nguoiquansat.vn
2026-05-20,0,2,Phó Tổng Giám đốc MB đăng ký bán 1 triệu cổ phiếu; ngân hàng chi tiền gom thêm cổ phần MBS - Báo Pháp Luật Việt Nam
2026-06-26,0,7,Nhìn lại diễn biến nhóm cổ phiếu được các công ty chứng khoán khuyến nghị tuần qua - Tin nhanh chứng khoán
2026-04-14,0,7,Một số cổ phiếu đáng chú ý ngày 14/4: ACB; DCM; MBB - thuonghieucongluan.com.vn
2026-03-05,0,8,Sự kiện chứng khoán đáng chú ý ngày 6/3 - Tin nhanh chứng khoán
2026-07-24,0,7,Sự kiện chứng khoán đáng chú ý ngày 25/7 - Tin nhanh chứng khoán
2026-04-22,0,7,Cổ phiếu cần quan tâm ngày 23/4 - Tin nhanh chứng khoán
2026-06-09,0,7,Cổ phiếu ngân hàng vẫn sáng cửa trong dài hạn - Tin nhanh chứng khoán
2026-06-23,0,7,Sự kiện chứng khoán đáng chú ý ngày 24/6 - Tin nhanh chứng khoán
2026-06-29,0,7,PYN Elite bán hết MBB; nói nhiều cổ phiếu Việt Nam đang ‘ngủ đông’ - Chứng khoán DNSE
2026-03-25,0,7,Vợ Tổng giám đốc MB mua vào 2 triệu cổ phiếu MBB - VnEconomy
2026-06-25,0,7,Cổ phiếu cần quan tâm ngày 26/6 - Tin nhanh chứng khoán
2026-08-03,0,7,Cổ phiếu đáng chú ý ngày 3/8: Dòng tiền ưu tiên nhóm ngân hàng; tiêu dùng và phân bón - thuonghieucongluan.com.vn
2026-05-20,0,7,Một Phó Tổng Giám đốc Ngân hàng Quân đội đăng ký bán lượng lớn cổ phiếu MBB - CafeF
2026-06-18,0,7,Điểm danh 3 cổ phiếu ngân hàng được đánh giá tiềm năng nhất khi lãi suất đi ngang - VnEconomy
2026-08-04,0,7,MBB có gì khiến nhà đầu tư ngoại xuống tiền? - 24HMoney
2026-06-26,0,7,Cổ phiếu đáng chú ý ngày 26/6: MBB; BMP; HHV - nguoiquansat.vn
2026-08-03,0,7,Cổ phiếu ngân hàng đồng loạt tăng mạnh; một mã gần tím trần - Nhịp sống kinh doanh
2026-02-12,0,8,Cổ phiếu cần quan tâm ngày 13/2 - Tin nhanh chứng khoán
2026-06-22,0,7,Định giá hấp dẫn; ROE vượt 20%; một cổ phiếu ngân hàng được kỳ vọng tăng 35% - nguoiquansat.vn
2026-05-21,0,7,Lãnh đạo MBBank muốn bán ra 1 triệu cổ phiếu - cafeland.vn
2026-03-09,0,7,Người thân lãnh đạo MB đăng ký ‘gom’ 2 triệu cổ phiếu MBB - CafeF
2026-07-15,0,7,Chứng khoán mất mốc 1.800 điểm; nhóm cổ phiếu đại gia gây áp lực - Báo Dân trí
2026-07-01,0.65,7,Cổ phiếu ngân hàng và chứng khoán khởi sắc - Báo Dân trí
2026-06-01,0,7,VN-Index mất gần 19 điểm; một cổ phiếu ngân hàng bất ngờ giảm sàn - Báo Tuổi Trẻ
2026-08-03,0,7,MBB: Giấy chứng nhận đăng ký chào bán thêm cổ phiếu ra công chúng và Thông báo của UBCKNN về tài liệu báo cáo phát hành cổ phiếu để trả cổ tức của MB - Vietstock
2026-06-30,0,7,Ngày 10/7 là mốc quan trọng với cổ đông MBB: Điều gì sắp diễn ra? - 24HMoney
2026-07-23,0,7,Sau cú giảm mạnh; 10 cổ phiếu phát tín hiệu "nóng": Có nên xuống tiền? - 24HMoney
2026-03-25,0,7,Người thân Tổng giám đốc MB mua vào 2 triệu cổ phiếu MBB - CafeF
2026-08-20,0,7,Cổ phiếu đáng chú ý: ACB; MBB; BSR; PVD vào "tầm ngắm" trước phiên 20/8 - MoneyF
2026-04-22,0,7,Chứng khoán hôm nay 22/4: 4 doanh nghiệp giao dịch cổ phiếu số lượng lớn - bnews.vn
2026-06-26,0.8,7,Khuyến nghị mua MBB; BMP và HHV: Triển vọng tăng giá tới 32;4% - bnews.vn
2026-06-26,0,7,Một số cổ phiếu khuyến nghị nên quan tâm ngày 26/6 - Năng lượng sạch Việt Nam
2026-08-02,0,7,MBB: Chốt ngày chào bán cổ phiếu và trả cổ tức cho cổ đông - Chi tiết bài viết - Vietcap Trading
2026-05-26,0,7,Nhà đầu tư rót tiền vào cổ phiếu ngân hàng - VnExpress
2026-06-29,0.8,7,Một mã cổ phiếu ngân hàng được BSC khuyến nghị MUA; kỳ vọng tăng giá 33% - nguoiquansat.vn
2026-02-02,0,8,MB (MBB) dự kiến cán mốc vốn hóa 10 tỷ USD vào năm 2027 - Tin nhanh chứng khoán
2026-04-24,0,7,Diễn biến cổ phiếu cần quan tâm tuần qua - Tin nhanh chứng khoán
2026-05-07,0.8,7,Mã cổ phiếu ngân hàng lọt top khuyến nghị MUA tháng 5; kỳ vọng tăng 32% - nguoiquansat.vn
2026-04-15,0,7,Sự kiện chứng khoán đáng chú ý ngày 16/4 - Tin nhanh chứng khoán
2026-07-08,0,7,Cổ đông một ngân hàng sắp nhận hơn 8.000 tỷ đồng cổ tức tiền mặt - cafeland.vn
2026-08-24,0,7,FTSE gọi tên 27 cổ phiếu Việt Nam; vì sao VNM; MBB; MWG “lỡ hẹn”? - MoneyF
2026-07-29,0,7,Sự kiện chứng khoán đáng chú ý ngày 30/7 - Tin nhanh chứng khoán
2026-07-20,0,7,Chứng khoán giảm gần 44 điểm; nhóm cổ phiếu trụ ghìm thị trường - Báo Dân trí
2026-04-08,0,7,AGR định giá cổ phiếu MBB ở mức 30 . 000 Đồng tại thị trường 2026 - suckhoedoisong.vn
2026-06-04,0,7,Cổ phiếu đáng chú ý ngày 4/6: HHV; BSR; MBB; - nguoiquansat.vn
2026-07-06,0,7,Cổ đông ngân hàng nhận nghìn tỷ cổ tức bằng tiền mặt - CafeF
2026-03-25,0,7,Chứng khoán MB chốt quyền phát hành hơn 333 triệu cổ phiếu; giá 10.000 đồng/cổ phiếu - Chứng khoán DNSE
2026-05-12,0,7,Cổ phiếu MBB - Có nên mua? XU HƯỚNG LỢI NHUẬN năm 2026 & 2027? - 24HMoney
2026-04-23,0.75,7,Lợi nhuận quý 1/2026 bứt phá; chuyên gia khuyến nghị gì về cổ phiếu DCM; MBB? - bnews.vn
2026-06-23,0,7,Phó Tổng Giám đốc MB không bán hết 1 triệu cổ phiếu MBB như đăng ký - CafeF
2026-01-06,0,8,Cổ phiếu cần quan tâm ngày 7/1 - Tin nhanh chứng khoán
2026-04-07,0,7,Cổ phiếu cần quan tâm ngày 8/4 - Tin nhanh chứng khoán
2026-07-01,0,7,Sự kiện chứng khoán đáng chú ý ngày 2/7 - Chứng khoán DNSE
2026-06-23,0,13,Phó Tổng Giám đốc MB giảm sở hữu; Ngân hàng liên tục cơ cấu nợ trái phiếu - Báo Pháp Luật Việt Nam
2026-01-11,0,8,Cổ phiếu ngân hàng vào chu kỳ mới - Tin nhanh chứng khoán
2026-03-24,0,7,Chứng khoán MB (MBS) chốt quyền phát hành hơn 333 triệu cổ phiếu; giá 10.000 đồng/CP - Tin nhanh chứng khoán
2026-03-10,0,7,Những cổ phiếu đáng chú ý ngày 11/3 - thuonghieucongluan.com.vn
2026-01-09,0,8,Một số cổ phiếu đáng chú ý ngày 9/1: VCB; MBB; SSI - thuonghieucongluan.com.vn
2026-05-19,0,7,MB mua hơn 5 triệu cổ phiếu MBS; nâng sở hữu lên 66;4% - VnEconomy
2026-05-21,0,7,Một cổ phiếu ngân hàng được tự doanh CTCK "gom" mạnh trong phiên 21/5 - Nhịp sống kinh doanh
2026-04-07,0,7,Khối ngoại hạ tỷ trọng cổ phiếu nhóm tài chính - Thời báo Tài chính Việt Nam
2026-08-05,0,7,6 cổ phiếu được kỳ vọng tăng giá trong tháng 8 - Tạp chí điện tử Thương Trường
2026-03-31,0,7,Hơn 200.000 cổ đông sở hữu cổ phiếu MBB; tăng gấp đôi năm trước: Câu chuyện đi đại hội tặng 500.000 đồng/người nóng dần - nguoiquansat.vn
2026-08-06,0,7,CTCK khuyến nghị 6 cổ phiếu hot trong tháng 8/2026; tiềm năng tăng giá hàng chục % - nguoiquansat.vn